{
  "$schema": "https://json.schemastore.org/nest-cli",
  "collection": "@nestjs/schematics",
  "sourceRoot": "apps/backend/src",
  "plugins": [
    {
      "name": "@nestjs/swagger",
      "options": {
        "classValidatorShim": true,
        "introspectComments": true
      }
    }
  ],
  "compilerOptions": {
    "webpack": false,
    "tsConfigPath": "apps/backend/tsconfig.app.json",
    "plugins": ["@nestjs/swagger"]
  },
  "monorepo": true,
  "root": "apps/backend",
  "projects": {
    "backend": {
      "type": "application",
      "root": "apps/backend",
      "entryFile": "main",
      "sourceRoot": "apps/backend/src",
      "compilerOptions": {
        "tsConfigPath": "apps/backend/tsconfig.app.json"
      }
    },
    "import-observable-area": {
      "type": "application",
      "root": "apps/import-observable-area",
      "entryFile": "main",
      "sourceRoot": "apps/import-observable-area/src",
      "compilerOptions": {
        "tsConfigPath": "apps/import-observable-area/tsconfig.app.json"
      }
    },
    "pubsub-center": {
      "type": "application",
      "root": "apps/pubsub-center",
      "entryFile": "main",
      "sourceRoot": "apps/pubsub-center/src",
      "compilerOptions": {
        "tsConfigPath": "apps/pubsub-center/tsconfig.app.json"
      }
    },
    "delivery-center": {
      "type": "application",
      "root": "apps/delivery-center",
      "entryFile": "main",
      "sourceRoot": "apps/delivery-center/src",
      "compilerOptions": {
        "tsConfigPath": "apps/delivery-center/tsconfig.app.json"
      }
    },
    "sandboxed-processors": {
      "type": "application",
      "root": "apps/sandboxed-processors",
      "entryFile": "main",
      "sourceRoot": "apps/sandboxed-processors/src",
      "compilerOptions": {
        "tsConfigPath": "apps/sandboxed-processors/tsconfig.app.json"
      }
    },
    "gateway": {
      "type": "application",
      "root": "apps/gateway",
      "entryFile": "main",
      "sourceRoot": "apps/gateway/src",
      "compilerOptions": {
        "tsConfigPath": "apps/gateway/tsconfig.app.json"
      }
    },
    "logger": {
      "type": "library",
      "root": "libs/logger",
      "entryFile": "index",
      "sourceRoot": "libs/logger/src",
      "compilerOptions": {
        "tsConfigPath": "libs/logger/tsconfig.lib.json"
      }
    },
    "utils": {
      "type": "library",
      "root": "libs/utils",
      "entryFile": "index",
      "sourceRoot": "libs/utils/src",
      "compilerOptions": {
        "tsConfigPath": "libs/utils/tsconfig.lib.json"
      }
    },
    "db": {
      "type": "library",
      "root": "libs/db",
      "entryFile": "index",
      "sourceRoot": "libs/db/src",
      "compilerOptions": {
        "tsConfigPath": "libs/db/tsconfig.lib.json"
      }
    },
    "validators": {
      "type": "library",
      "root": "libs/validators",
      "entryFile": "index",
      "sourceRoot": "libs/validators/src",
      "compilerOptions": {
        "tsConfigPath": "libs/validators/tsconfig.lib.json"
      }
    },
    "constants": {
      "type": "library",
      "root": "libs/constants",
      "entryFile": "index",
      "sourceRoot": "libs/constants/src",
      "compilerOptions": {
        "tsConfigPath": "libs/constants/tsconfig.lib.json"
      }
    },
    "middlewares": {
      "type": "library",
      "root": "libs/middlewares",
      "entryFile": "index",
      "sourceRoot": "libs/middlewares/src",
      "compilerOptions": {
        "tsConfigPath": "libs/middlewares/tsconfig.lib.json"
      }
    },
    "models": {
      "type": "library",
      "root": "libs/models",
      "entryFile": "index",
      "sourceRoot": "libs/models/src",
      "compilerOptions": {
        "tsConfigPath": "libs/models/tsconfig.lib.json"
      }
    },
    "filters": {
      "type": "library",
      "root": "libs/filters",
      "entryFile": "index",
      "sourceRoot": "libs/filters/src",
      "compilerOptions": {
        "tsConfigPath": "libs/filters/tsconfig.lib.json"
      }
    },
    "interceptors": {
      "type": "library",
      "root": "libs/interceptors",
      "entryFile": "index",
      "sourceRoot": "libs/interceptors/src",
      "compilerOptions": {
        "tsConfigPath": "libs/interceptors/tsconfig.lib.json"
      }
    },
    "guards": {
      "type": "library",
      "root": "libs/guards",
      "entryFile": "index",
      "sourceRoot": "libs/guards/src",
      "compilerOptions": {
        "tsConfigPath": "libs/guards/tsconfig.lib.json"
      }
    },
    "decorators": {
      "type": "library",
      "root": "libs/decorators",
      "entryFile": "index",
      "sourceRoot": "libs/decorators/src",
      "compilerOptions": {
        "tsConfigPath": "libs/decorators/tsconfig.lib.json"
      }
    },
    "citadel": {
      "type": "library",
      "root": "libs/citadel",
      "entryFile": "index",
      "sourceRoot": "libs/citadel/src",
      "compilerOptions": {
        "tsConfigPath": "libs/citadel/tsconfig.lib.json"
      }
    },
    "ops": {
      "type": "library",
      "root": "libs/ops",
      "entryFile": "tracing",
      "sourceRoot": "libs/ops/src",
      "compilerOptions": {
        "tsConfigPath": "libs/ops/tsconfig.lib.json"
      }
    },
    "slack": {
      "type": "library",
      "root": "libs/slack",
      "entryFile": "index",
      "sourceRoot": "libs/slack/src",
      "compilerOptions": {
        "tsConfigPath": "libs/slack/tsconfig.lib.json"
      }
    },
    "transporters": {
      "type": "library",
      "root": "libs/transporters",
      "entryFile": "index",
      "sourceRoot": "libs/transporters/src",
      "compilerOptions": {
        "tsConfigPath": "libs/transporters/tsconfig.lib.json"
      }
    },
    "test-support": {
      "type": "library",
      "root": "libs/test-support",
      "entryFile": "index",
      "sourceRoot": "libs/test-support/src",
      "compilerOptions": {
        "tsConfigPath": "libs/test-support/tsconfig.lib.json"
      }
    }
  }
}
